1;13;49,29199347;-123,0235505;49,29182554;-123,0245161;49,29147566;-123,0257392;49,29038405;-123,0263829;49,28919444;-123,0270267;49,28803279;-123,0276275;49,28674515;-123,0279708;49,28670316;-123,0257177;49,28671716;-123,0237222;49,28773888;-123,0234861;49,28912446;-123,0236149;49,29028608;-123,0235291;49,29104182;-123,0234432;49,28817275;-123,0256534;8725;6437;3010;0;0;1797;2;;;;;;;;;;;;;;;;;;;;;;;;;;;;;;;;;;;;;;;;;;;;;;;;;;;;;;;;;;;;;;;;;;;;;;;;
2;21;49,28668217;-123,0283463;49,28666117;-123,0274451;49,28666817;-123,0263615;49,28663318;-123,0255461;49,28661918;-123,0245054;49,28665417;-123,0236471;49,28568142;-123,0235934;49,28450569;-123,0236578;49,28327395;-123,0237007;49,28214016;-123,0237222;49,28124431;-123,023808;49,28110433;-123,0260396;49,28118831;-123,0281639;49,28114632;-123,0303097;49,28114632;-123,0312967;49,28289602;-123,0309319;49,28451969;-123,0308461;49,28569542;-123,0308032;49,28650721;-123,0302453;49,28682913;-123,0297732;49,28675915;-123,029108;49,28386183;-123,0274343;6345;4580;10709;2;9;4843;10;;;;;;;;;;;;;;;;;;;;;;;;;;;;;;;;;;;;;;;;;;;;;;;;;;;;;;;;
3;23;49,28123031;-123,0441713;49,28251809;-123,0440426;49,28370786;-123,0441499;49,2849256;-123,0440426;49,28608732;-123,0440855;49,28706706;-123,0441713;49,28860662;-123,0442572;49,28869059;-123,0461884;49,28869059;-123,0481195;49,28863461;-123,0496645;49,28869059;-123,0520248;49,28757092;-123,0520248;49,28670316;-123,0521965;49,28572341;-123,0519819;49,28572341;-123,0506945;49,28572341;-123,0487633;49,28572341;-123,0472183;49,28527552;-123,0468321;49,28398781;-123,0466604;49,28286803;-123,0467463;49,28172023;-123,0467463;49,28121631;-123,0466175;49,28118831;-123,0454588;49,287291;-123,0470896;4963;5593;9010;4;13;3656;6;;;;;;;;;;;;;;;;;;;;;;;;;;;;;;;;;;;;;;;;;;;;;;;;;;;;
4;28;49,28890053;-123,0414248;49,28986622;-123,0424976;49,29104182;-123,0441713;49,29157363;-123,0464244;49,29197948;-123,0485058;49,29213342;-123,0495143;49,29116777;-123,0493855;49,29034206;-123,0493855;49,29027209;-123,0502653;49,2902301;-123,0518746;49,29091586;-123,0520034;49,29168559;-123,0520034;49,2913777;-123,0530763;49,29119576;-123,0544925;49,29094385;-123,055501;49,29071993;-123,0565524;49,29009015;-123,0566597;49,28982423;-123,056531;49,28939038;-123,0566597;49,28884455;-123,0566382;49,28878856;-123,0551791;49,28880256;-123,0533338;49,28881656;-123,0518103;49,28880256;-123,0499005;49,28881656;-123,0481195;49,28881656;-123,0461454;49,28881656;-123,0442786;49,28883055;-123,0421972;49,28976825;-123,0484629;9173;6994;7680;2;15;4741;3;;;;;;;;;;;;;;;;;;;;;;;;;;;;;;;;;;;;;;;;;;
5;26;49,28859262;-123,0523252;49,28863461;-123,0536342;49,28860662;-123,0562949;49,287305;-123,056488;49,28626927;-123,056531;49,28563943;-123,0565739;49,28510756;-123,0565739;49,28475764;-123,0565739;49,28485562;-123,055737;49,28488361;-123,0542779;49,28486961;-123,0530334;49,28488361;-123,0520463;49,28485562;-123,0505872;49,28485562;-123,0493426;49,28482062;-123,0482376;49,28482062;-123,0470681;49,28528952;-123,0470788;49,28563943;-123,0474544;49,28565343;-123,0491924;49,28561144;-123,0508018;49,28564643;-123,0521643;49,28640924;-123,052336;49,28675915;-123,0524004;49,28715104;-123,0523038;49,28757792;-123,0521214;49,28813776;-123,0521536;49,2861853;-123,0538058;8209;7751;6497;1;20;2681;1;;;;;;;;;;;;;;;;;;;;;;;;;;;;;;;;;;;;;;;;;;;;;;
6;11;49,28114632;-123,0443215;49,28114632;-123,0465746;49,28116032;-123,0492783;49,28117432;-123,0520678;49,2789766;-123,0520034;49,27735275;-123,0520248;49,27747874;-123,0476904;49,27747874;-123,0443859;49,27848666;-123,0443859;49,27925657;-123,0443645;49,28039043;-123,0443859;49,27957854;-123,0477118;9329;5957;9802;5;13;2629;4;;;;;;;;;;;;;;;;;;;;;;;;;;;;;;;;;;;;;;;;;;;;;;;;;;;;;;;;;;;;;;;;;;;;;;;;;;;;
7;22;49,28020846;-123,0415964;49,28020846;-123,042841;49,28019446;-123,0439782;49,27914459;-123,0440855;49,27827668;-123,0441284;49,27754874;-123,0439568;49,27752074;-123,0404377;49,27752074;-123,0377555;49,27753474;-123,0346656;49,27756274;-123,0318761;49,27921458;-123,0320048;49,28018046;-123,0319405;49,28121631;-123,0318975;49,28116032;-123,0340219;49,28109033;-123,0362964;49,28012447;-123,0362105;49,28018046;-123,0379057;49,28019446;-123,0389142;49,27908859;-123,0389786;49,27817868;-123,0390215;49,27823468;-123,04106;49,27908859;-123,0416393;49,2790606;-123,0360818;5650;8595;5481;0;11;4932;2;;;;;;;;;;;;;;;;;;;;;;;;;;;;;;;;;;;;;;;;;;;;;;;;;;;;;;
8;11;49,28104834;-123,023808;49,28100634;-123,0259109;49,28104834;-123,0275846;49,28097835;-123,0299878;49,28083837;-123,0309534;49,27952254;-123,0309963;49,27840266;-123,0309319;49,27735275;-123,0309319;49,27745075;-123,0265546;49,27747874;-123,0234647;49,27924257;-123,0235505;49,27921458;-123,0272198;9899;4698;4411;0;14;4581;1;;;;;;;;;;;;;;;;;;;;;;;;;;;;;;;;;;;;;;;;;;;;;;;;;;;;;;;;;;;;;;;;;;;;;;;;;;;;
9;19;49,27528087;-123,2149744;49,27376889;-123,2150173;49,27225688;-123,2150602;49,2692327;-123,2149744;49,26909269;-123,2102966;49,26903668;-123,2073355;49,26884066;-123,2053185;49,26842062;-123,2023573;49,26884066;-123,1998253;49,26892467;-123,2014132;49,26996076;-123,2026577;49,27136084;-123,2030869;49,27152885;-123,2060909;49,27301289;-123,2059193;49,27410489;-123,2058764;49,27446889;-123,2066917;49,27421689;-123,2092237;49,27444089;-123,2117558;49,27477688;-123,2126999;49,27169686;-123,2097387;6146;5174;3832;0;17;2748;10;;;;;;;;;;;;;;;;;;;;;;;;;;;;;;;;;;;;;;;;;;;;;;;;;;;;;;;;;;;;
10;36;49,26548022;-123,2030439;49,26553623;-123,2001257;49,26548022;-123,1971645;49,26545222;-123,1945896;49,26545222;-123,1927013;49,26545222;-123,1886673;49,26545222;-123,1851912;49,26517217;-123,1831741;49,26514416;-123,179698;49,26517217;-123,1774235;49,26514416;-123,1743336;49,26298775;-123,1739902;49,26088725;-123,1740761;49,25895471;-123,1743336;49,25716215;-123,1743765;49,25567763;-123,1743765;49,25550957;-123,1758356;49,25436113;-123,1750631;49,25447318;-123,176136;49,25466925;-123,1770372;49,25466925;-123,179183;49,25578967;-123,1792688;49,25654594;-123,1798697;49,25654594;-123,1828308;49,25637788;-123,1852341;49,25646191;-123,1880665;49,25651793;-123,1905127;49,2564339;-123,1927013;49,25716215;-123,193388;49,25755428;-123,1951475;49,25828251;-123,1976366;49,25842255;-123,1992674;49,25839454;-123,2031298;49,26043913;-123,2033873;49,26262367;-123,2031727;49,26382792;-123,2030439;49,26169945;-123,189826;4183;4956;4059;5;14;2176;4;;;;;;;;;;;;;;;;;;;;;;;;;;
11;15;49,26564825;-123,2146311;49,26559224;-123,2105541;49,26559224;-123,2078075;49,26564825;-123,2038164;49,26368789;-123,2036018;49,26158743;-123,2037735;49,2603271;-123,2038593;49,25861861;-123,2037735;49,25867463;-123,2066917;49,25887069;-123,20961;49,25887069;-123,2123995;49,25906675;-123,2152748;49,26085924;-123,2149315;49,26256765;-123,2149315;49,26422;-123,2151031;49,26200753;-123,2090521;4467;8705;9244;1;12;2310;0;;;;;;;;;;;;;;;;;;;;;;;;;;;;;;;;;;;;;;;;;;;;;;;;;;;;;;;;;;;;;;;;;;;;
12;11;49,26900868;-123,2149529;49,26896667;-123,2113051;49,26889667;-123,2085586;49,26884066;-123,2060695;49,2674265;-123,2060909;49,26577427;-123,2060695;49,26577427;-123,2087946;49,26584428;-123,2117987;49,2659563;-123,2150173;49,26697845;-123,2148886;49,2681966;-123,2148671;49,26724448;-123,2097173;5028;4976;8406;0;12;2754;4;;;;;;;;;;;;;;;;;;;;;;;;;;;;;;;;;;;;;;;;;;;;;;;;;;;;;;;;;;;;;;;;;;;;;;;;;;;;
13;19;49,25595773;-123,1852341;49,25408102;-123,185277;49,25228828;-123,185277;49,24999123;-123,1854486;49,2481143;-123,185277;49,24604118;-123,1853199;49,24618126;-123,1815004;49,24623729;-123,1773376;49,24620928;-123,1757498;49,24817033;-123,1758785;49,25024335;-123,1756639;49,25178406;-123,1756639;49,25312864;-123,175621;49,25438914;-123,1769514;49,25441715;-123,1790113;49,25461323;-123,1798697;49,25556559;-123,1798697;49,25634987;-123,1804705;49,25618181;-123,1827879;49,25125182;-123,1808567;7156;5254;8812;2;3;1042;7;;;;;;;;;;;;;;;;;;;;;;;;;;;;;;;;;;;;;;;;;;;;;;;;;;;;;;;;;;;;
14;25;49,24812831;-123,1936884;49,24854852;-123,1938815;49,24849249;-123,1965852;49,24765206;-123,1967354;49,24626531;-123,1966925;49,24622329;-123,1945467;49,24627932;-123,1918001;49,24623729;-123,1893754;49,2462513;-123,1870365;49,24623729;-123,1857276;49,24782015;-123,1856203;49,24987918;-123,1857276;49,251644;-123,1857061;49,25366085;-123,1856632;49,25595773;-123,1857491;49,25620982;-123,1884527;49,25612579;-123,1915426;49,25612579;-123,1930876;49,25410903;-123,1933451;49,25226027;-123,193388;49,25021534;-123,1933451;49,2501313;-123,1910276;49,24884267;-123,1907272;49,2479182;-123,1907272;49,2481143;-123,192358;49,2523443;-123,189311;6873;5247;7871;5;8;3340;0;;;;;;;;;;;;;;;;;;;;;;;;;;;;;;;;;;;;;;;;;;;;;;;;
15;21;49,23488969;-123,1963921;49,23284405;-123,191371;49,23147089;-123,1872511;49,23023783;-123,1842899;49,23029388;-123,1805134;49,23015375;-123,1787109;49,22925695;-123,1758356;49,23105053;-123,1760931;49,23113461;-123,1733465;49,23379682;-123,1731749;49,2355342;-123,1732178;49,23875658;-123,1731319;49,23858846;-123,1754923;49,23858846;-123,1794834;49,23867252;-123,1820154;49,23634682;-123,1824017;49,23665505;-123,1854486;49,23659901;-123,1890965;49,23657098;-123,1915855;49,23654296;-123,1946754;49,2364589;-123,1968641;49,23362869;-123,1818867;3542;6065;8406;5;1;4891;4;;;;;;;;;;;;;;;;;;;;;;;;;;;;;;;;;;;;;;;;;;;;;;;;;;;;;;;;
16;27;49,2460692;-123,1965637;49,24598515;-123,1929159;49,24595714;-123,1884527;49,24587309;-123,185277;49,24587309;-123,1816292;49,24609722;-123,1789255;49,24604118;-123,1757498;49,24534079;-123,1757498;49,24534079;-123,1778955;49,24436022;-123,1779814;49,24436022;-123,1749344;49,24427617;-123,1734324;49,24251109;-123,1732178;49,24071792;-123,1730461;49,23900875;-123,1730461;49,2387846;-123,1759644;49,23886866;-123,1788397;49,23889668;-123,1823587;49,23760775;-123,1827879;49,23676713;-123,1828737;49,23696328;-123,1855774;49,23682317;-123,1891394;49,23676713;-123,1924009;49,23679515;-123,1965208;49,23998943;-123,1965208;49,24279126;-123,1966496;49,2446684;-123,1964779;49,24153046;-123,1844187;7757;8674;11336;1;1;4657;0;;;;;;;;;;;;;;;;;;;;;;;;;;;;;;;;;;;;;;;;;;;;
17;16;49,25273647;-123,1751919;49,25126583;-123,1733251;49,25010329;-123,1721663;49,24903877;-123,1714153;49,24807228;-123,1705356;49,24748397;-123,1692481;49,24640539;-123,1681323;49,24608321;-123,1680465;49,24612523;-123,1699777;49,24613924;-123,1721878;49,24613924;-123,1743765;49,24618126;-123,1754065;49,24782015;-123,175621;49,24937493;-123,1755996;49,2507616;-123,1754494;49,25205018;-123,1754708;49,24803026;-123,1731963;9012;6922;5829;4;4;1042;4;;;;;;;;;;;;;;;;;;;;;;;;;;;;;;;;;;;;;;;;;;;;;;;;;;;;;;;;;;;;;;;;;;
18;36;49,24525674;-123,1606007;49,24511666;-123,1625319;49,24506063;-123,1636047;49,24592912;-123,1651926;49,24618126;-123,166995;49,24598515;-123,1679392;49,24534079;-123,1679392;49,24511666;-123,1667376;49,24500459;-123,1654501;49,24438823;-123,1646347;49,24408005;-123,163991;49,24419212;-123,1626606;49,24351971;-123,1615448;49,24287531;-123,1608582;49,242371;-123,1601286;49,24164253;-123,1595278;49,24130631;-123,1595278;49,24125027;-123,1576395;49,24035368;-123,1579399;49,23914885;-123,1581974;49,23839232;-123,1583261;49,2383643;-123,156352;49,23833628;-123,1551933;49,24012953;-123,155365;49,24133433;-123,154335;49,24217487;-123,153348;49,24340764;-123,1533909;49,24494856;-123,1532192;49,2455369;-123,15382;49,24590111;-123,15485;49,24478046;-123,1549358;49,24363178;-123,1552792;49,24357575;-123,1567383;49,24371583;-123,1590128;49,24427617;-123,1590128;49,24506063;-123,1601286;49,24248307;-123,1565237;7627;4375;9336;5;10;1816;0;;;;;;;;;;;;;;;;;;;;;;;;;;
19;49;49,26503215;-123,173604;49,26506015;-123,1717157;49,26494813;-123,1691837;49,26503215;-123,1672096;49,26500414;-123,1651926;49,26287572;-123,1647635;49,26085924;-123,1649351;49,2588987;-123,1650209;49,25744224;-123,1649351;49,25564962;-123,163476;49,25366085;-123,1620598;49,25155996;-123,1606436;49,25029938;-123,1597853;49,24875863;-123,1586266;49,24730187;-123,1574678;49,2467976;-123,1571245;49,24634936;-123,1581116;49,24576103;-123,159399;49,24557892;-123,1601715;49,24543884;-123,161695;49,24527075;-123,1633472;49,24566297;-123,1642485;49,24615325;-123,1652784;49,24634936;-123,1661582;49,24646142;-123,1669736;49,24636336;-123,1676817;49,24721783;-123,168776;49,24805827;-123,1699347;49,24913682;-123,1711578;49,25062153;-123,1722307;49,25175605;-123,173368;49,25270846;-123,174634;49,25319867;-123,1753206;49,25434713;-123,1764793;49,25417906;-123,1757927;49,25408102;-123,1749558;49,25480931;-123,1749344;49,25539753;-123,1754708;49,25549556;-123,1742907;49,25567763;-123,1728315;49,25562161;-123,1704712;49,25682603;-123,1701279;49,25755428;-123,170557;49,25786238;-123,1722307;49,25797441;-123,1740761;49,25931882;-123,1739473;49,26085924;-123,1736898;49,2623436;-123,1736469;49,26379992;-123,1738186;49,25312864;-123,1676388;6249;4182;3825;1;1;4698;0
20;24;49,27015677;-123,1907272;49,27026878;-123,1921005;49,27122084;-123,1922293;49,27200487;-123,1887531;49,27259288;-123,1868649;49,27231288;-123,1840324;49,27206087;-123,1811142;49,27158485;-123,178153;49,27127684;-123,1747198;49,27113683;-123,1731749;49,27116483;-123,170085;49,27175286;-123,1679821;49,27278889;-123,1652355;49,27203287;-123,1643772;49,27080081;-123,1642056;49,26948472;-123,164463;49,26931671;-123,166523;49,2692887;-123,1705999;49,26931671;-123,1743765;49,26934471;-123,1775093;49,26945672;-123,181715;49,26954073;-123,184762;49,26956873;-123,1875086;49,26962473;-123,1907701;49,27088482;-123,1836033;9595;7153;3901;3;20;2488;1;;;;;;;;;;;;;;;;;;;;;;;;;;;;;;;;;;;;;;;;;;;;;;;;;;
21;28;49,23099449;-123,155365;49,23077029;-123,1509018;49,23077029;-123,1475544;49,23088239;-123,1425762;49,23088239;-123,1390572;49,23071424;-123,1355381;49,22970536;-123,1348515;49,22942511;-123,1306458;49,22942511;-123,126955;49,22936906;-123,1237793;49,22903275;-123,1221485;49,22757542;-123,1221485;49,22634225;-123,1221485;49,2262862;-123,123436;49,22370766;-123,1240368;49,22163352;-123,1241226;49,21888655;-123,1242943;49,21720466;-123,1237793;49,21714859;-123,1282425;49,21709253;-123,1327057;49,21720466;-123,1383705;49,21770923;-123,1418896;49,21787742;-123,1453228;49,2177653;-123,1485844;49,2186623;-123,1498718;49,22208199;-123,1521893;49,22555749;-123,1540775;49,22858435;-123,1557941;49,22432428;-123,138628;8767;7467;3198;1;3;4750;1;;;;;;;;;;;;;;;;;;;;;;;;;;;;;;;;;;;;;;;;;;
22;25;49,22959326;-123,1054974;49,22942511;-123,0998325;49,22914485;-123,0944252;49,22942511;-123,0885029;49,22931301;-123,0839539;49,22931301;-123,0802631;49,22785568;-123,0800915;49,22774357;-123,0768299;49,22718305;-123,0745125;49,22460456;-123,0744267;49,22202593;-123,0748558;49,21978354;-123,0751133;49,21944717;-123,0735683;49,21793349;-123,0740833;49,21681221;-123,0740833;49,21658795;-123,078289;49,21625156;-123,0827522;49,21647582;-123,0882454;49,21670008;-123,0933094;49,21670008;-123,0976009;49,21675614;-123,1024933;49,2169804;-123,1062698;49,21944717;-123,1065273;49,22292286;-123,1065273;49,22667857;-123,1060982;49,22320315;-123,0893612;3769;8483;10458;4;10;1458;7;;;;;;;;;;;;;;;;;;;;;;;;;;;;;;;;;;;;;;;;;;;;;;;;
23;29;49,21653189;-123,106184;49,21647582;-123,1023216;49,21641976;-123,096056;49,2161955;-123,0893612;49,21613943;-123,087945;49,21496205;-123,0880737;49,21482188;-123,0860996;49,21473778;-123,0831814;49,2160273;-123,0830526;49,21613943;-123,0811644;49,21630763;-123,0799627;49,21507418;-123,0801773;49,21395284;-123,0800915;49,21266326;-123,0800056;49,21151383;-123,0800056;49,21103723;-123,0806923;49,21028027;-123,0807781;49,20910274;-123,080864;49,20851397;-123,0839539;49,20834575;-123,0885029;49,20817753;-123,0914211;49,20772893;-123,0956268;49,20750463;-123,0986309;49,20722425;-123,1014633;49,2068878;-123,1046391;49,20677565;-123,1069565;49,20935507;-123,1068707;49,21328002;-123,1067848;49,21541058;-123,1063557;49,21333609;-123,090992;2678;8426;4127;0;16;3678;8;;;;;;;;;;;;;;;;;;;;;;;;;;;;;;;;;;;;;;;;
24;33;49,23800004;-123,1552792;49,23634682;-123,1552792;49,23472156;-123,1554508;49,23284405;-123,1555796;49,23152694;-123,1555796;49,23082634;-123,1560516;49,23088239;-123,1590128;49,23085436;-123,161974;49,23105053;-123,1653643;49,23102251;-123,1687975;49,23119065;-123,1729603;49,23382485;-123,1730032;49,23595452;-123,1727028;49,23870054;-123,1727886;49,2411382;-123,1727457;49,24321152;-123,1730461;49,24573301;-123,1729174;49,24581706;-123,1709003;49,24581706;-123,1684971;49,24528476;-123,1683254;49,24508864;-123,1674242;49,24461237;-123,1662655;49,24413608;-123,1652355;49,24393997;-123,1644201;49,24385591;-123,162961;49,24315549;-123,161931;49,24231496;-123,1607723;49,2414464;-123,1599569;49,24083;-123,1592703;49,24094207;-123,1581974;49,23970924;-123,1587124;49,23819618;-123,1584549;49,23811212;-123,1572533;49,23693526;-123,1642914;3795;7949;11647;1;13;2605;8;;;;;;;;;;;;;;;;;;;;;;;;;;;;;;;;
25;32;49,22917288;-123,1755781;49,23074227;-123,1755781;49,23082634;-123,1713295;49,23074227;-123,1660509;49,23057412;-123,1620598;49,23046202;-123,1589699;49,23057412;-123,1562233;49,22950918;-123,1559658;49,22810791;-123,1561804;49,22589382;-123,1546783;49,22387583;-123,1537771;49,22219411;-123,1524467;49,21964338;-123,1511164;49,21782136;-123,1497002;49,21496205;-123,1480265;49,2126913;-123,1468248;49,21140169;-123,1459236;49,20957936;-123,1451511;49,2087663;-123,1446791;49,20873827;-123,1463957;49,20871023;-123,1476831;49,21291557;-123,1524897;49,21616746;-123,1557083;49,21826986;-123,157382;49,21961535;-123,1583691;49,22241834;-123,1590557;49,22264257;-123,1613731;49,22376371;-123,1637764;49,22544538;-123,1658363;49,22617409;-123,1682396;49,22729515;-123,1708145;49,22824804;-123,1730461;49,22611804;-123,1594849;5489;6548;11904;0;2;2178;6;;;;;;;;;;;;;;;;;;;;;;;;;;;;;;;;;;
26;37;49,2692327;-123,1876802;49,26763653;-123,1877661;49,26564825;-123,1878519;49,26567625;-123,1850195;49,26556424;-123,1826591;49,26553623;-123,1782389;49,26542421;-123,1745911;49,26550823;-123,172617;49,26548022;-123,1688404;49,2653682;-123,1651068;49,26500414;-123,164463;49,26489212;-123,1621885;49,26492013;-123,1595278;49,26486412;-123,1561375;49,26556424;-123,1551933;49,26567625;-123,1531763;49,26604031;-123,1518888;49,2666564;-123,1489706;49,26760853;-123,1480694;49,26948472;-123,1478977;49,27152885;-123,1479406;49,27178086;-123,1512451;49,27197687;-123,1545496;49,27200487;-123,1576824;49,27197687;-123,1613731;49,27200487;-123,163991;49,27085682;-123,1642056;49,27046479;-123,1641412;49,26948472;-123,1643558;49,2692327;-123,1648064;49,26900868;-123,166244;49,26909269;-123,1679392;49,26909269;-123,1708145;49,26912069;-123,1739044;49,2692047;-123,1771231;49,2692047;-123,1798697;49,26931671;-123,184247;49,26830861;-123,1584549;4463;6973;10746;3;20;945;8;;;;;;;;;;;;;;;;;;;;;;;;
27;26;49,26281971;-123,1477261;49,26259566;-123,1420612;49,2627637;-123,1376839;49,26281971;-123,1318474;49,26001902;-123,1315899;49,25878666;-123,1311607;49,25878666;-123,1266975;49,25884268;-123,121891;49,25873065;-123,1201744;49,25553758;-123,1201744;49,25273647;-123,1203461;49,24987918;-123,1201744;49,24662951;-123,1204319;49,24646142;-123,1255817;49,24651745;-123,1310749;49,24640539;-123,134079;49,24741393;-123,1376839;49,24758202;-123,1412888;49,24763805;-123,1456661;49,24903877;-123,1465244;49,25172803;-123,1459236;49,25116778;-123,148241;49,25127983;-123,1493568;49,25514543;-123,1485844;49,25817047;-123,148756;49,26052315;-123,1485844;49,25324068;-123,1351089;2543;6015;5278;3;12;1031;5;;;;;;;;;;;;;;;;;;;;;;;;;;;;;;;;;;;;;;;;;;;;;;
28;24;49,20638312;-123,0569172;49,20789715;-123,0568314;49,20974758;-123,0558872;49,21193436;-123,0548573;49,21372857;-123,0535698;49,2158591;-123,0515099;49,21765317;-123,050909;49,21810167;-123,0546856;49,21815774;-123,0576897;49,21832593;-123,0636978;49,21793349;-123,0692768;49,21686827;-123,0709934;49,21647582;-123,0720234;49,21630763;-123,0745983;49,2161955;-123,0773449;49,21613943;-123,0794907;49,21434531;-123,0795765;49,21249506;-123,079834;49,21126151;-123,0792332;49,21126151;-123,0746841;49,2110933;-123,0712509;49,21042045;-123,0684185;49,209299;-123,0645561;49,20812145;-123,0613804;49,21350429;-123,0647278;4824;5892;8167;3;14;2968;10;;;;;;;;;;;;;;;;;;;;;;;;;;;;;;;;;;;;;;;;;;;;;;;;;;
29;29;49,2160273;-123,0413818;49,21748498;-123,041296;49,2201199;-123,0411243;49,22006384;-123,0382919;49,22017596;-123,0351162;49,22023202;-123,0327129;49,22157746;-123,0323696;49,22449244;-123,0321121;49,22443639;-123,0299664;49,22348343;-123,0281639;49,22236228;-123,0251598;49,22393188;-123,0248165;49,2256696;-123,0249023;49,22740726;-123,0249023;49,22903275;-123,0251598;49,22914485;-123,030138;49,22931301;-123,0352879;49,2290888;-123,0395794;49,22914485;-123,0441284;49,22936906;-123,0477333;49,22936906;-123,0503941;49,22684673;-123,0503941;49,22443639;-123,0504799;49,22185775;-123,0504799;49,22006384;-123,0506516;49,21871836;-123,0503082;49,21810167;-123,04842;49,21675614;-123,0459309;49,21580304;-123,0437851;49,22482878;-123,0384636;2030;4784;8400;2;15;3445;8;;;;;;;;;;;;;;;;;;;;;;;;;;;;;;;;;;;;;;;;
30;32;49,22726713;-123,0738688;49,2272391;-123,0715942;49,22782765;-123,0716372;49,22774357;-123,0702639;49,22774357;-123,0674744;49,22771555;-123,0651569;49,22765949;-123,0627537;49,22760344;-123,0601788;49,22760344;-123,0592775;49,2286404;-123,0592346;49,22847224;-123,056016;49,22852829;-123,0531836;49,22852829;-123,0510807;49,22550144;-123,050952;49,223063;-123,0510807;49,22090475;-123,0512953;49,21916686;-123,0511665;49,21826986;-123,0512524;49,21826986;-123,0537844;49,21843805;-123,0568743;49,21855018;-123,0613375;49,21857821;-123,065629;49,21829789;-123,0690193;49,21801758;-123,0701351;49,21709253;-123,0715942;49,21686827;-123,0730963;49,21796152;-123,0734396;49,21905474;-123,0730104;49,21989566;-123,0735683;49,22023202;-123,074255;49,22222213;-123,0741692;49,22555749;-123,0740833;49,22323117;-123,0625391;6742;4050;5960;5;0;3564;7;;;;;;;;;;;;;;;;;;;;;;;;;;;;;;;;;;
31;32;49,26220357;-123,1044674;49,26203553;-123,1012917;49,26203553;-123,0973434;49,26197952;-123,0961418;49,26164344;-123,0960989;49,26158743;-123,0935669;49,26158743;-123,0907345;49,26144739;-123,0876017;49,26155942;-123,0849409;49,26155942;-123,0836535;49,25945886;-123,083396;49,25688205;-123,0834818;49,25469726;-123,0836105;49,25268045;-123,0837822;49,2507756;-123,0839109;49,24763805;-123,0841255;49,24562095;-123,0841255;49,24349169;-123,0841255;49,24265117;-123,084383;49,2425391;-123,0875587;49,24248307;-123,0911636;49,24259514;-123,0954552;49,24287531;-123,0968285;49,24562095;-123,0971718;49,2487026;-123,0969143;49,25172803;-123,0966568;49,25520145;-123,0966568;49,25833853;-123,0966568;49,25833853;-123,1001759;49,25845056;-123,1029224;49,25856259;-123,1049824;49,26063518;-123,1050682;49,25307261;-123,0902195;3907;4658;8602;1;6;1780;2;;;;;;;;;;;;;;;;;;;;;;;;;;;;;;;;;;
32;28;49,24480848;-123,1114626;49,24517269;-123,1124496;49,24699371;-123,1123209;49,24892671;-123,1121063;49,24901075;-123,1129646;49,25088765;-123,1129217;49,25284852;-123,112793;49,25475328;-123,1124926;49,25691006;-123,1126642;49,25705011;-123,113308;49,25873065;-123,113265;49,25867463;-123,1109476;49,25867463;-123,1096172;49,25853459;-123,1080723;49,25847857;-123,1053686;49,25682603;-123,1053257;49,25646191;-123,1050253;49,25545355;-123,1050253;49,25461323;-123,105197;49,25433312;-123,1048536;49,25265244;-123,1049824;49,25029938;-123,1050253;49,24839444;-123,1050253;49,24648943;-123,1053686;49,24444427;-123,1053686;49,24564896;-123,1067419;49,24685363;-123,1080723;49,24573301;-123,1095743;49,25290454;-123,1090164;9240;4464;7787;4;4;3481;2;;;;;;;;;;;;;;;;;;;;;;;;;;;;;;;;;;;;;;;;;;
33;22;49,24461237;-123,0837822;49,2446684;-123,080864;49,24455633;-123,0780745;49,24464038;-123,0758858;49,24464038;-123,0746412;49,24567698;-123,0744267;49,24559293;-123,0736971;49,2445003;-123,0736113;49,2428473;-123,0734825;49,24136235;-123,0738688;49,24021358;-123,0740404;49,23858846;-123,0741692;49,23676713;-123,0741262;49,23693526;-123,0776024;49,23687922;-123,0791044;49,23626275;-123,0794907;49,2364589;-123,0812502;49,23651494;-123,0844688;49,23802806;-123,0847692;49,24052179;-123,0847263;49,24052179;-123,0840826;49,24279126;-123,083868;49,24063387;-123,0788898;2985;4829;4220;1;9;3711;6;;;;;;;;;;;;;;;;;;;;;;;;;;;;;;;;;;;;;;;;;;;;;;;;;;;;;;
34;23;49,26253965;-123,0247307;49,26237161;-123,0268764;49,26164344;-123,0299664;49,26057917;-123,0334854;49,26013105;-123,036747;49,25957089;-123,0406952;49,25895471;-123,0451584;49,25828251;-123,0497932;49,25542554;-123,0497932;49,2525684;-123,0499649;49,25010329;-123,0503082;49,24730187;-123,0500507;49,24511666;-123,0500507;49,24461237;-123,04636;49,2445003;-123,0415535;49,24461237;-123,0358887;49,2446684;-123,0315971;49,24472443;-123,0271339;49,2445003;-123,024559;49,2473579;-123,0247307;49,2507756;-123,0243874;49,25514543;-123,0242157;49,25845056;-123,0242157;49,25301659;-123,0366611;3283;6726;9126;1;14;2420;0;;;;;;;;;;;;;;;;;;;;;;;;;;;;;;;;;;;;;;;;;;;;;;;;;;;;
35;21;49,27693278;-123,0318546;49,27704478;-123,0375195;49,27721276;-123,0438709;49,27704478;-123,0495358;49,27396489;-123,0495358;49,27127684;-123,0496216;49,26886866;-123,0496216;49,26623634;-123,0497074;49,26382792;-123,0498791;49,26074721;-123,0499649;49,25884268;-123,0499649;49,2592348;-123,0470467;49,259963;-123,0415535;49,26046714;-123,0371761;49,2610833;-123,0336571;49,26203553;-123,0305672;49,26293173;-123,0264473;49,26550823;-123,0263615;49,26836461;-123,0271339;49,27194887;-123,0291939;49,27502887;-123,0314255;49,26808458;-123,0385494;6995;7240;11150;4;17;1143;0;;;;;;;;;;;;;;;;;;;;;;;;;;;;;;;;;;;;;;;;;;;;;;;;;;;;;;;;
36;25;49,23015375;-123,1215477;49,22995758;-123,1166124;49,22981746;-123,1136084;49,22981746;-123,110261;49,22953721;-123,1074715;49,22948116;-123,1060553;49,22785568;-123,1062269;49,22586579;-123,1065273;49,22583776;-123,1104326;49,22592185;-123,1136942;49,22603395;-123,1164408;49,22283877;-123,116827;49,22070854;-123,1170416;49,21832593;-123,1171274;49,2169804;-123,1172991;49,21700843;-123,1215477;49,21720466;-123,1235647;49,21888655;-123,1239939;49,22090475;-123,1238651;49,22334329;-123,1236076;49,22513708;-123,1233072;49,22614606;-123,1230068;49,22637028;-123,1216335;49,2277716;-123,1216335;49,22903275;-123,1215906;49,2232592;-123,1200027;4512;7094;9191;5;16;4328;3;;;;;;;;;;;;;;;;;;;;;;;;;;;;;;;;;;;;;;;;;;;;;;;;
37;30;49,2177653;-123,1069136;49,21784939;-123,1091881;49,21784939;-123,1124496;49,21790545;-123,1156683;49,21782136;-123,1166124;49,21678418;-123,1167412;49,21675614;-123,1180286;49,21672811;-123,120904;49,21670008;-123,123908;49,21541058;-123,1240368;49,21378463;-123,1240797;49,21196239;-123,1243801;49,20985973;-123,1243801;49,20848593;-123,124423;49,20719622;-123,1242514;49,20579431;-123,1227922;49,20523354;-123,1221056;49,20576627;-123,1196165;49,2060747;-123,1174707;49,20834575;-123,1171274;49,21042045;-123,1172991;49,21193436;-123,116827;49,21328002;-123,1169558;49,21322395;-123,1147671;49,21347626;-123,1128788;49,21347626;-123,1106901;49,21336412;-123,1087589;49,21336412;-123,1072998;49,21473778;-123,1069136;49,21667205;-123,1068277;49,21316788;-123,1203032;3204;8885;7162;3;0;3924;4;;;;;;;;;;;;;;;;;;;;;;;;;;;;;;;;;;;;;;
38;36;49,24130631;-123,1233501;49,24127829;-123,1217194;49,24122226;-123,1207323;49,24259514;-123,1208181;49,24422013;-123,1205606;49,24618126;-123,1203461;49,24632134;-123,1237793;49,24626531;-123,1272554;49,24634936;-123,1317186;49,24620928;-123,1343794;49,24668554;-123,1352806;49,24682562;-123,1364393;49,2471618;-123,1383705;49,24732989;-123,14116;49,24744195;-123,1444645;49,24741393;-123,1463099;49,24665752;-123,1458807;49,24581706;-123,145709;49,24391195;-123,1456661;49,24217487;-123,1456661;49,2406899;-123,145752;49,23942905;-123,1457949;49,23847638;-123,1464386;49,23828024;-123,1450224;49,23825222;-123,1429195;49,23825222;-123,1409883;49,23811212;-123,1396151;49,23920489;-123,139658;49,24088603;-123,1395292;49,24189469;-123,1393576;49,24178262;-123,1377268;49,24186668;-123,1352377;49,24169857;-123,132534;49,24155848;-123,1299162;49,24155848;-123,1275558;49,24141838;-123,1252813;49,24405203;-123,1369972;3734;8884;5211;5;6;2299;1;;;;;;;;;;;;;;;;;;;;;;;;;;
39;39;49,25769432;-123,0664873;49,25780636;-123,070178;49,25646191;-123,0703068;49,25632186;-123,0718088;49,25640589;-123,072753;49,25430511;-123,0731392;49,25273647;-123,0730534;49,25248436;-123,0720234;49,25147592;-123,0719805;49,25170002;-123,0732679;49,2501313;-123,0733967;49,24906678;-123,0734825;49,24752599;-123,0733967;49,24609722;-123,0733967;49,24444427;-123,0733109;49,2430154;-123,0730963;49,24158649;-123,0734825;49,24054981;-123,0735683;49,23889668;-123,0738258;49,23685119;-123,0738688;49,23673911;-123,0705214;49,23682317;-123,0685472;49,23648692;-123,0685043;49,2364589;-123,0653715;49,23587045;-123,0655003;49,23601056;-123,0621958;49,23900875;-123,0620241;49,23900875;-123,0630112;49,24267919;-123,0629683;49,24494856;-123,0603075;49,24758202;-123,0606079;49,24993521;-123,0606937;49,25133586;-123,0599642;49,2523443;-123,0591917;49,25290454;-123,0613804;49,25360483;-123,0637836;49,25424909;-123,0662298;49,25567763;-123,0662298;49,25693807;-123,0661011;49,24461237;-123,0673885;3828;8641;8277;0;2;2161;8;;;;;;;;;;;;;;;;;;;;
40;32;49,24444427;-123,0493641;49,24427617;-123,0466175;49,24422013;-123,0430126;49,2441641;-123,0396652;49,2441641;-123,0359745;49,2443322;-123,0315113;49,24438823;-123,0274773;49,24438823;-123,025074;49,24197875;-123,0247307;49,23839232;-123,0247307;49,2359265;-123,024559;49,23374078;-123,0246449;49,23065819;-123,0247307;49,22953721;-123,0247307;49,22948116;-123,0293655;49,22948116;-123,0340862;49,22964931;-123,0386353;49,22970536;-123,0437851;49,2299856;-123,0491066;49,23273195;-123,0487633;49,23659901;-123,0488491;49,2382242;-123,0501366;49,23940103;-123,052454;49,24080198;-123,0554581;49,24225893;-123,0584621;49,24343566;-123,061552;49,24472443;-123,0598354;49,24758202;-123,0602646;49,25021534;-123,0598354;49,2487026;-123,0571747;49,24724584;-123,052969;49,24629332;-123,0516815;49,23760775;-123,037262;3733;7699;3735;4;10;1695;6;;;;;;;;;;;;;;;;;;;;;;;;;;;;;;;;;;
41;29;49,21748498;-123,1481981;49,21650385;-123,148284;49,21473778;-123,1475115;49,21347626;-123,1466532;49,21196239;-123,1457949;49,21067277;-123,1451082;49,21056062;-123,1425333;49,21047652;-123,140645;49,21114937;-123,140645;49,21098116;-123,1371689;49,21089705;-123,1328344;49,21084098;-123,1286716;49,2107008;-123,1248093;49,21319592;-123,1245518;49,21524238;-123,124423;49,21681221;-123,1243372;49,21686827;-123,1269979;49,21569091;-123,1271696;49,21426121;-123,1271267;49,21370053;-123,1275558;49,21437334;-123,1295729;49,21468171;-123,1302166;49,21625156;-123,1296587;49,21686827;-123,1309462;49,21692434;-123,1344223;49,21695237;-123,137126;49,21709253;-123,1394863;49,21745695;-123,1417179;49,21756907;-123,1450653;49,2139248;-123,1365252;5855;7939;8757;0;1;1873;4;;;;;;;;;;;;;;;;;;;;;;;;;;;;;;;;;;;;;;;;
42;25;49,21091107;-123,1403232;49,21089705;-123,1375551;49,21077089;-123,1345081;49,2107008;-123,1316972;49,21072884;-123,1300664;49,2106167;-123,1270194;49,21063071;-123,1247878;49,20967749;-123,1246161;49,20849995;-123,1247449;49,20704201;-123,1245303;49,20621489;-123,1272125;49,20514942;-123,1291437;49,20422413;-123,132062;49,20329882;-123,1345081;49,20369138;-123,1361389;49,2045606;-123,1385422;49,20540177;-123,1413317;49,20621489;-123,1426191;49,20744856;-123,1422758;49,20868219;-123,1424046;49,20885041;-123,1440783;49,20999991;-123,1448507;49,21042045;-123,1437778;49,2103083;-123,1417179;49,21044848;-123,1405592;49,2073364;-123,1341219;7296;5664;8440;5;16;4618;0;;;;;;;;;;;;;;;;;;;;;;;;;;;;;;;;;;;;;;;;;;;;;;;;
43;27;49,22978943;-123,1787109;49,22765949;-123,1788826;49,22558552;-123,1790543;49,224044;-123,1790972;49,22395991;-123,1814146;49,2226706;-123,1821012;49,22098884;-123,1827021;49,21871836;-123,183732;49,21841002;-123,1821442;49,21796152;-123,1806421;49,21863427;-123,1786251;49,21804561;-123,1768227;49,2176812;-123,1762648;49,21664402;-123,1760931;49,21641976;-123,1747198;49,21639172;-123,1732178;49,21784939;-123,1733894;49,22003581;-123,1730461;49,22241834;-123,1729603;49,2236516;-123,172617;49,2236516;-123,1705141;49,22356752;-123,1687975;49,22491286;-123,1686687;49,2259779;-123,16854;49,227127;-123,1713724;49,22822001;-123,1744623;49,22894868;-123,1762648;49,22208199;-123,1769085;7267;7566;3095;3;16;1677;4;;;;;;;;;;;;;;;;;;;;;;;;;;;;;;;;;;;;;;;;;;;;
44;17;49,21313985;-123,1166553;49,21312583;-123,1145954;49,21330806;-123,1126642;49,21330806;-123,1113768;49,21330806;-123,1090379;49,21323797;-123,1071496;49,21131759;-123,1070638;49,20921489;-123,1070852;49,20742052;-123,1071711;49,20676163;-123,1071925;49,20638312;-123,1106257;49,20620087;-123,1133938;49,20597656;-123,1169558;49,20772893;-123,117063;49,2097616;-123,1168699;49,21113535;-123,1166124;49,21207453;-123,1165695;49,21074286;-123,111527;5372;6497;11257;0;5;1931;3;;;;;;;;;;;;;;;;;;;;;;;;;;;;;;;;;;;;;;;;;;;;;;;;;;;;;;;;;;;;;;;;
45;18;49,24309945;-123,061595;49,24273523;-123,0625391;49,24083;-123,0627108;49,23920489;-123,0627966;49,23926093;-123,0617237;49,23825222;-123,0617237;49,23657098;-123,0616379;49,23587045;-123,0617237;49,2359265;-123,0589342;49,2359265;-123,0554152;49,23601056;-123,0518103;49,23587045;-123,0493641;49,23704734;-123,0494928;49,23839232;-123,0506516;49,23984934;-123,0540848;49,24097009;-123,0565739;49,24200677;-123,0587196;49,24276324;-123,0603504;49,23886866;-123,0567026;8155;5877;9518;1;10;2693;8;;;;;;;;;;;;;;;;;;;;;;;;;;;;;;;;;;;;;;;;;;;;;;;;;;;;;;;;;;;;;;
46;16;49,23570233;-123,0496216;49,23578639;-123,0533552;49,23575837;-123,056488;49,23561826;-123,0588055;49,23340451;-123,0592346;49,23163904;-123,0591488;49,23001363;-123,0591059;49,22903275;-123,05902;49,2287525;-123,0556726;49,2287525;-123,0522823;49,2287525;-123,0508661;49,22959326;-123,0508661;49,22953721;-123,0493641;49,23121868;-123,0491924;49,23301219;-123,0491924;49,23466552;-123,0491495;49,23273195;-123,0536985;9719;8777;9471;5;7;2289;1;;;;;;;;;;;;;;;;;;;;;;;;;;;;;;;;;;;;;;;;;;;;;;;;;;;;;;;;;;;;;;;;;;
47;27;49,23657098;-123,0691051;49,23648692;-123,071208;49,23662703;-123,0739117;49,23446936;-123,0744267;49,23253579;-123,0744267;49,23082634;-123,0744267;49,22945313;-123,0744267;49,22760344;-123,0745983;49,22746331;-123,0721951;49,22816396;-123,0721951;49,22802383;-123,0702639;49,22793975;-123,0670452;49,2278837;-123,0639982;49,22796778;-123,0612516;49,22796778;-123,0598783;49,22939708;-123,0595779;49,23158299;-123,0594492;49,2337688;-123,0594492;49,2355342;-123,0594921;49,23550617;-123,0612946;49,2356743;-123,0633974;49,23581441;-123,0646634;49,23581441;-123,065629;49,23571634;-123,0666161;49,23570233;-123,067646;49,2356743;-123,0686116;49,23615067;-123,068676;49,23166706;-123,0657148;5378;6498;11586;0;8;997;7;;;;;;;;;;;;;;;;;;;;;;;;;;;;;;;;;;;;;;;;;;;;
48;39;49,2364589;-123,0853271;49,23648692;-123,0870867;49,23659901;-123,0902624;49,23497376;-123,0906057;49,23379682;-123,0905199;49,23281602;-123,0908632;49,23284405;-123,0945539;49,23287207;-123,097043;49,23189125;-123,0972147;49,23049005;-123,0972147;49,22964931;-123,0972576;49,22953721;-123,0956268;49,22948116;-123,0926228;49,22945313;-123,0910778;49,22959326;-123,0884171;49,23057412;-123,0879021;49,23275998;-123,0878162;49,23309625;-123,0854988;49,23304021;-123,0843401;49,23304021;-123,082881;49,23169509;-123,0829239;49,230434;-123,0825806;49,22962128;-123,0827093;49,22964931;-123,0801344;49,22824804;-123,0797052;49,22810791;-123,0769157;49,22775758;-123,0756712;49,22747732;-123,0750918;49,228206;-123,0749631;49,23049005;-123,0748987;49,23270393;-123,0748558;49,23505783;-123,0749416;49,2364589;-123,0747271;49,23662703;-123,0775595;49,23662703;-123,0788469;49,23609462;-123,0792761;49,23609462;-123,0807781;49,23609462;-123,0828381;49,23615067;-123,0844688;49,23304021;-123,0800486;4487;8560;8868;4;6;4400;0;;;;;;;;;;;;;;;;;;;;
49;19;49,25864662;-123,1139946;49,25864662;-123,1166983;49,25884268;-123,1197882;49,25550957;-123,1200457;49,25268045;-123,1198311;49,24968309;-123,1200457;49,24769408;-123,1202173;49,2453688;-123,1201744;49,24517269;-123,1177711;49,24514468;-123,1145096;49,24514468;-123,1129646;49,24702172;-123,1126642;49,24881466;-123,1125784;49,24892671;-123,1136084;49,25172803;-123,113308;49,25399699;-123,1131363;49,25606977;-123,1129646;49,25693807;-123,1136513;49,2579464;-123,1139517;49,2525684;-123,1162691;5716;5133;3821;5;12;891;8;;;;;;;;;;;;;;;;;;;;;;;;;;;;;;;;;;;;;;;;;;;;;;;;;;;;;;;;;;;;
50;14;49,24343566;-123,1051111;49,24337963;-123,1014204;49,24332359;-123,0991459;49,24329557;-123,0973864;49,24281928;-123,0975151;49,24270721;-123,0969143;49,24088603;-123,0967855;49,23909281;-123,0968714;49,23746765;-123,0971718;49,23710338;-123,0978155;49,23727151;-123,1022358;49,23727151;-123,105154;49,2389247;-123,1054974;49,24139037;-123,1052399;49,24004547;-123,1008625;6926;5034;4855;5;17;2728;5;;;;;;;;;;;;;;;;;;;;;;;;;;;;;;;;;;;;;;;;;;;;;;;;;;;;;;;;;;;;;;;;;;;;;;
51;18;49,2422169;-123,0902839;49,24094207;-123,0903912;49,23952711;-123,0904126;49,23843435;-123,0903482;49,23734156;-123,0904984;49,23662703;-123,0906057;49,23669708;-123,0900478;49,23668307;-123,0883098;49,23666906;-123,0866146;49,23659901;-123,0850267;49,23763577;-123,0850267;49,23875658;-123,0849409;49,24028363;-123,084898;49,24028363;-123,0859923;49,2409841;-123,0860996;49,24189469;-123,0859709;49,24238501;-123,0859494;49,24242703;-123,0879664;49,23889668;-123,0876017;5390;8026;11499;3;12;3439;8;;;;;;;;;;;;;;;;;;;;;;;;;;;;;;;;;;;;;;;;;;;;;;;;;;;;;;;;;;;;;;
52;25;49,27760473;-123,0527544;49,27760473;-123,0557156;49,27754874;-123,0582047;49,27763273;-123,0612087;49,27757674;-123,0620241;49,27494488;-123,0618525;49,27150085;-123,0618095;49,26861664;-123,0621529;49,26648838;-123,0619812;49,26458407;-123,062067;49,26248364;-123,0621958;49,26060718;-123,0622387;49,25968292;-123,0602217;49,25881467;-123,0574751;49,25828251;-123,0558014;49,25817047;-123,0533981;49,25833853;-123,0505657;49,26083123;-123,0501795;49,26427601;-123,0503082;49,26749651;-123,0500937;49,26998876;-123,0499649;49,27239688;-123,0502224;49,27578485;-123,0500507;49,27710077;-123,0498362;49,27710077;-123,0521107;49,26844862;-123,0552435;4135;7124;8007;3;19;1346;0;;;;;;;;;;;;;;;;;;;;;;;;;;;;;;;;;;;;;;;;;;;;;;;;
53;28;49,27757674;-123,0630112;49,27768873;-123,0659294;49,27768873;-123,0687618;49,27768873;-123,0712509;49,27780072;-123,0744267;49,27682079;-123,0744267;49,27511287;-123,0748129;49,27385289;-123,0745554;49,27402089;-123,0734396;49,27228488;-123,0735254;49,27102483;-123,0733967;49,26970874;-123,0733967;49,26850463;-123,0736542;49,26674041;-123,0738258;49,26520017;-123,0738688;49,26402396;-123,0706501;49,26293173;-123,0679464;49,26217557;-123,0660582;49,26178347;-123,0650282;49,26080323;-123,0626678;49,26237161;-123,0624962;49,26489212;-123,0624962;49,26718847;-123,0624104;49,26906468;-123,0624962;49,27141684;-123,0622387;49,27360089;-123,0621529;49,27553286;-123,0623245;49,2767368;-123,0623245;49,26881266;-123,0677319;6395;4198;9065;1;17;2247;1;;;;;;;;;;;;;;;;;;;;;;;;;;;;;;;;;;;;;;;;;;
54;29;49,29051;-123,0571747;49,28964229;-123,0588913;49,28846666;-123,0601788;49,28650721;-123,061552;49,28580739;-123,0623245;49,28580739;-123,0616808;49,28468765;-123,0616379;49,28298001;-123,0616379;49,28149627;-123,0617237;49,27981651;-123,0617237;49,2779687;-123,0618954;49,27785671;-123,0594921;49,27785671;-123,0568314;49,27777272;-123,0545998;49,27780072;-123,0525827;49,27962053;-123,0523252;49,28141228;-123,0523682;49,28146827;-123,0496216;49,28155226;-123,0472612;49,28331594;-123,0471325;49,28451969;-123,0471325;49,28463167;-123,0497932;49,28468765;-123,0521536;49,28465966;-123,053956;49,28463167;-123,0560589;49,28460367;-123,0568314;49,28614331;-123,0568314;49,28821474;-123,0568743;49,28941837;-123,0569172;49,28082437;-123,0556297;3108;6523;11506;2;20;4627;2;;;;;;;;;;;;;;;;;;;;;;;;;;;;;;;;;;;;;;;;
55;45;49,2849116;-123,0625391;49,2849396;-123,0648136;49,28477164;-123,0659294;49,28387583;-123,0695772;49,2835119;-123,0722809;49,28334394;-123,0745983;49,28314798;-123,077774;49,28278404;-123,0805206;49,28264407;-123,0825377;49,28278404;-123,0844259;49,28309199;-123,0871725;49,28398781;-123,0885458;49,28395981;-123,0916786;49,28407179;-123,0946827;49,28398781;-123,0979013;49,28409978;-123,1003475;49,28387583;-123,1023645;49,28337193;-123,104167;49,28228014;-123,1045961;49,28102034;-123,1045961;49,27959253;-123,1045961;49,27925657;-123,1036091;49,27945255;-123,1018066;49,27967652;-123,0990601;49,27953654;-123,0956268;49,27950854;-123,0934811;49,27953654;-123,0915928;49,27950854;-123,0896187;49,27819268;-123,0897045;49,27754874;-123,089447;49,27746475;-123,0850267;49,27718477;-123,081336;49,27721276;-123,0800056;49,27780072;-123,0787611;49,27771672;-123,0768299;49,27760473;-123,0751133;49,27827668;-123,07477;49,27810869;-123,0728817;49,2779687;-123,0703926;49,2779687;-123,0676031;49,27785671;-123,0648565;49,27782872;-123,0624533;49,27939656;-123,0623245;49,28152426;-123,0622387;49,28311998;-123,0619383;49,28107633;-123,0860996;5791;4360;4350;2;0;2816;3;;;;;;;;
56;17;49,23707536;-123,1054115;49,23710338;-123,102107;49,23707536;-123,0975151;49,23402101;-123,0972576;49,22964931;-123,0976009;49,22967733;-123,100605;49,22978943;-123,1039953;49,22970536;-123,1064844;49,2299856;-123,1095743;49,23004165;-123,1124067;49,2302098;-123,1164408;49,23290009;-123,1164408;49,23500178;-123,1160975;49,23741161;-123,115797;49,23696328;-123,1126642;49,23727151;-123,1093597;49,23752369;-123,1072569;49,23385287;-123,1061411;9637;4349;6527;2;3;3941;10;;;;;;;;;;;;;;;;;;;;;;;;;;;;;;;;;;;;;;;;;;;;;;;;;;;;;;;;;;;;;;;;
57;35;49,24102613;-123,1185436;49,23990537;-123,1175995;49,23884064;-123,1165266;49,23729953;-123,1162691;49,23564628;-123,1164837;49,23348858;-123,1168699;49,23374078;-123,1189299;49,2337688;-123,1216335;49,23396496;-123,1240368;49,232788;-123,1242085;49,2312467;-123,1237793;49,2298735;-123,1235218;49,22950918;-123,1236076;49,22964931;-123,1254101;49,22967733;-123,1277704;49,22967733;-123,12953;49,22967733;-123,1329203;49,22984548;-123,1345081;49,23082634;-123,1352806;49,23105053;-123,1375122;49,23121868;-123,1397867;49,23236765;-123,1397438;49,23441332;-123,1397009;49,23609462;-123,1394863;49,237944;-123,1394863;49,23797202;-123,1363964;49,23791598;-123,1332636;49,23777587;-123,1301308;49,23785994;-123,1265688;49,23769181;-123,1243372;49,23755171;-123,1210756;49,23914885;-123,120904;49,24091405;-123,1206036;49,24116622;-123,1205285;49,2411382;-123,1195629;49,23474958;-123,1297874;5684;6425;11590;1;2;4170;1;;;;;;;;;;;;;;;;;;;;;;;;;;;;
58;15;49,23828024;-123,1545496;49,23814014;-123,1509447;49,23797202;-123,1471252;49,23814014;-123,1448078;49,2380841;-123,1415892;49,23797202;-123,1400871;49,2356743;-123,1398726;49,23357264;-123,1399584;49,23121868;-123,1400013;49,23096646;-123,1442928;49,23105053;-123,1475115;49,23105053;-123,151288;49,23130275;-123,1550217;49,23402101;-123,1551075;49,23615067;-123,1548929;49,23449739;-123,1476402;6901;8602;7324;4;20;2131;7;;;;;;;;;;;;;;;;;;;;;;;;;;;;;;;;;;;;;;;;;;;;;;;;;;;;;;;;;;;;;;;;;;;;
59;27;49,2406899;-123,1482196;49,24040972;-123,149786;49,24073193;-123,1514168;49,24085802;-123,1528759;49,24021358;-123,1545925;49,23954112;-123,1550646;49,23854643;-123,1550002;49,23835029;-123,153584;49,23828024;-123,1505799;49,23825222;-123,1483912;49,23825222;-123,146975;49,2390788;-123,1469965;49,23910682;-123,1464386;49,24011552;-123,1459236;49,24216086;-123,1458807;49,24323954;-123,1458592;49,24475245;-123,1457949;49,24612523;-123,1459665;49,24755401;-123,1466532;49,24763805;-123,1486273;49,24775011;-123,1501722;49,2464334;-123,1493139;49,24559293;-123,1484556;49,24455633;-123,1478548;49,24335161;-123,1469536;49,24214685;-123,1470823;49,2411382;-123,1473398;49,23973726;-123,148756;5410;5455;8362;1;6;3764;8;;;;;;;;;;;;;;;;;;;;;;;;;;;;;;;;;;;;;;;;;;;;
60;24;49,26130736;-123,1640768;49,26111131;-123,1616306;49,26113931;-123,1587124;49,26116732;-123,1576824;49,26235761;-123,157661;49,26305776;-123,1577253;49,26293173;-123,1555796;49,26288973;-123,1544209;49,26287572;-123,1526399;49,26091526;-123,1525326;49,25789038;-123,1527042;49,25598574;-123,1530476;49,25396898;-123,1530476;49,25212021;-123,1530476;49,25161599;-123,1531334;49,25155996;-123,1547213;49,25127983;-123,1561375;49,25057951;-123,1576395;49,2501313;-123,1591415;49,25155996;-123,1600857;49,25360483;-123,1616735;49,25548156;-123,1628752;49,25761029;-123,1646347;49,25940284;-123,1645489;49,25637788;-123,1580687;4862;4900;7183;4;17;4348;3;;;;;;;;;;;;;;;;;;;;;;;;;;;;;;;;;;;;;;;;;;;;;;;;;;
61;34;49,25797441;-123,050952;49,2576383;-123,0533123;49,25769432;-123,0547285;49,25805844;-123,0567026;49,25847857;-123,0586767;49,25971093;-123,0616379;49,25937484;-123,0621958;49,25817047;-123,0621958;49,25803043;-123,0605221;49,25707812;-123,0601788;49,25601375;-123,0603933;49,2553135;-123,0600929;49,25366085;-123,0603075;49,25326869;-123,0599213;49,25254039;-123,0599213;49,2520922;-123,0591059;49,25111176;-123,0594063;49,2501313;-123,0592775;49,24895473;-123,0569172;49,2479182;-123,0543852;49,24718981;-123,0527973;49,24646142;-123,0512524;49,24651745;-123,0503941;49,2483104;-123,0503941;49,24982315;-123,0504799;49,25130785;-123,0503511;49,2530446;-123,0501795;49,2545292;-123,0500078;49,25444517;-123,0515957;49,25469726;-123,0528831;49,25598574;-123,0528831;49,25696608;-123,0530119;49,25741423;-123,0523252;49,2576383;-123,0507374;49,25307261;-123,0549431;4446;8540;4027;2;7;2560;7;;;;;;;;;;;;;;;;;;;;;;;;;;;;;;
62;21;49,2615034;-123,0738688;49,26265167;-123,07374;49,26430401;-123,0738688;49,26438803;-123,0776024;49,26433202;-123,0801344;49,26433202;-123,0821085;49,26444404;-123,085413;49,26522818;-123,0851984;49,2653402;-123,0888891;49,26531219;-123,0914211;49,26539621;-123,0931377;49,26385593;-123,0932236;49,26242762;-123,0932236;49,26178347;-123,0931377;49,26169945;-123,0898762;49,26155942;-123,0873442;49,26172746;-123,0846834;49,26158743;-123,0831814;49,26153141;-123,080349;49,2615034;-123,077302;49,26144739;-123,0756283;49,2632398;-123,0839968;7090;6883;3181;3;18;2776;1;;;;;;;;;;;;;;;;;;;;;;;;;;;;;;;;;;;;;;;;;;;;;;;;;;;;;;;;
63;21;49,26431802;-123,0732679;49,26344984;-123,0700064;49,26266568;-123,0680752;49,26203553;-123,0659938;49,26126535;-123,0643845;49,26071921;-123,0628395;49,26029909;-123,0622816;49,25968292;-123,0623889;49,25902473;-123,0623245;49,25815647;-123,0623889;49,25812846;-123,0640411;49,25811446;-123,0653501;49,2576383;-123,0655217;49,25783437;-123,0676031;49,2579464;-123,0692339;49,25790439;-123,0714226;49,25786238;-123,0737829;49,25917878;-123,0739117;49,26097127;-123,0736542;49,26209155;-123,0735254;49,2632538;-123,073504;49,25993499;-123,0683327;4251;4218;4648;1;14;2994;9;;;;;;;;;;;;;;;;;;;;;;;;;;;;;;;;;;;;;;;;;;;;;;;;;;;;;;;;
64;29;49,26127935;-123,0740404;49,26125134;-123,0763578;49,26134937;-123,0786753;49,26133536;-123,0807352;49,26136337;-123,0832458;49,25993499;-123,0833316;49,25887069;-123,0831599;49,256714;-123,0832243;49,25436113;-123,0836105;49,2507756;-123,0837178;49,24903877;-123,0837822;49,2487026;-123,080864;49,24881466;-123,0771732;49,24847849;-123,0744267;49,24861856;-123,07374;49,25006127;-123,0736327;49,25174204;-123,0735898;49,25182608;-123,0729461;49,25168602;-123,0721951;49,25244235;-123,0723238;49,25263843;-123,0731821;49,2535348;-123,0734396;49,25472527;-123,0733109;49,25646191;-123,0729675;49,25651793;-123,0738902;49,25740023;-123,0741048;49,25842255;-123,0739975;49,25975294;-123,074019;49,26062118;-123,0740404;49,25318466;-123,078289;4790;7822;9801;3;1;2464;2;;;;;;;;;;;;;;;;;;;;;;;;;;;;;;;;;;;;;;;;
65;21;49,24849249;-123,076508;49,24853451;-123,0787611;49,2485065;-123,0803061;49,24856253;-123,0817437;49,24860455;-123,0837607;49,24741393;-123,0839109;49,24630733;-123,0839753;49,24486451;-123,0839324;49,2448505;-123,0818725;49,24475245;-123,0795765;49,24469641;-123,0778384;49,24479447;-123,075242;49,24486451;-123,0749416;49,24538281;-123,0747056;49,24581706;-123,0745339;49,24577503;-123,0738044;49,24644741;-123,0735898;49,24690966;-123,0737185;49,24686764;-123,0751991;49,24686764;-123,0762506;49,24769408;-123,0763364;49,24644741;-123,0796194;5486;6423;8079;3;19;2672;7;;;;;;;;;;;;;;;;;;;;;;;;;;;;;;;;;;;;;;;;;;;;;;;;;;;;;;;;
66;16;49,20585039;-123,0573463;49,20610273;-123,0601358;49,2066635;-123,0632257;49,20728033;-123,0657578;49,20817753;-123,068676;49,20879434;-123,0711222;49,20969151;-123,0742121;49,21095312;-123,0741262;49,21089705;-123,0721092;49,21053259;-123,0698347;49,2096074;-123,0666161;49,20890649;-123,0640411;49,20809341;-123,062067;49,20719622;-123,0594492;49,20660742;-123,0579042;49,20637611;-123,0571747;49,20848593;-123,0655861;2872;5146;3568;3;19;3806;9;;;;;;;;;;;;;;;;;;;;;;;;;;;;;;;;;;;;;;;;;;;;;;;;;;;;;;;;;;;;;;;;;;
67;29;49,25833853;-123,1050253;49,25833853;-123,102622;49,25818448;-123,1007552;49,2582405;-123,0968285;49,2561398;-123,096807;49,25329671;-123,0969572;49,25202216;-123,0969572;49,25200816;-123,0987597;49,2509857;-123,0987167;49,25025736;-123,0986953;49,25021534;-123,0969787;49,24857654;-123,0971074;49,24706375;-123,0972362;49,24583107;-123,0973864;49,24476646;-123,0974507;49,24343566;-123,0975366;49,24343566;-123,0999398;49,24346368;-123,1013989;49,24360376;-123,1047463;49,24398199;-123,105197;49,24591511;-123,1051326;49,24815632;-123,1048751;49,25080362;-123,1048536;49,25312864;-123,1048107;49,25437514;-123,1047034;49,2547813;-123,1048965;49,25594373;-123,1047463;49,25669999;-123,1047678;49,25765231;-123,1051755;49,25032739;-123,1007338;2910;5480;5217;3;6;3961;4;;;;;;;;;;;;;;;;;;;;;;;;;;;;;;;;;;;;;;;;
68;25;49,29055199;-123,1454515;49,29115378;-123,1447005;49,29162961;-123,1438637;49,29235734;-123,142662;49,29290313;-123,1419325;49,29328098;-123,1401944;49,29342092;-123,1390357;49,29374279;-123,1381345;49,29417661;-123,1372333;49,29438652;-123,136611;49,29365883;-123,1353235;49,29290313;-123,1342077;49,29255326;-123,1336498;49,29172757;-123,1351304;49,29078991;-123,1365681;49,29027209;-123,1374907;49,28960031;-123,1383276;49,28885854;-123,1395507;49,28827072;-123,1403661;49,28754293;-123,141439;49,28712305;-123,1422973;49,28779486;-123,1425548;49,28848066;-123,1428766;49,28947435;-123,1441426;49,28983823;-123,1447864;49,29090187;-123,1396365;6869;6642;3530;3;15;1827;3;;;;;;;;;;;;;;;;;;;;;;;;;;;;;;;;;;;;;;;;;;;;;;;;
69;20;49,28689911;-123,1424475;49,28582139;-123,1428766;49,28456168;-123,1428552;49,28349791;-123,1423187;49,28258808;-123,1413531;49,28174823;-123,1397653;49,28103434;-123,1387782;49,28089436;-123,1378984;49,28177622;-123,1365466;49,28232213;-123,1356668;49,28295201;-123,1347227;49,2835259;-123,1338644;49,28415577;-123,1329417;49,28516355;-123,1342077;49,28624128;-123,1358171;49,28712305;-123,1371903;49,28778086;-123,1382203;49,28864861;-123,1397009;49,28775287;-123,1408381;49,28726301;-123,1416106;49,28436573;-123,1372976;6471;6096;4155;0;13;1313;0;;;;;;;;;;;;;;;;;;;;;;;;;;;;;;;;;;;;;;;;;;;;;;;;;;;;;;;;;;
70;26;49,29244131;-123,1337142;49,29181154;-123,1346583;49,29115378;-123,1357312;49,29071993;-123,1364608;49,29000617;-123,1375766;49,28937638;-123,1384993;49,28869059;-123,1395078;49,2876689;-123,1378555;49,28678714;-123,1364179;49,28593336;-123,1350231;49,28519154;-123,1339717;49,28442171;-123,1330919;49,28381984;-123,1322122;49,28318997;-123,1312895;49,28419776;-123,1298518;49,28540149;-123,1280708;49,28605933;-123,1268477;49,28685712;-123,1259465;49,28733299;-123,1250024;49,28792082;-123,1241441;49,28869059;-123,1254101;49,28927841;-123,1261396;49,28975426;-123,1277919;49,29020211;-123,1294441;49,29070594;-123,1307745;49,29148966;-123,1319118;49,28804679;-123,1317616;9806;5697;7437;5;19;1987;8;;;;;;;;;;;;;;;;;;;;;;;;;;;;;;;;;;;;;;;;;;;;;;
71;25;49,2840158;-123,1328773;49,28321796;-123,134079;49,28236412;-123,1354952;49,28174823;-123,1363106;49,28086636;-123,137641;49,2806284;-123,1382632;49,27995649;-123,1378555;49,27917258;-123,1370831;49,27817868;-123,1362033;49,27753474;-123,1355381;49,27823468;-123,1342936;49,27784271;-123,1336498;49,27729676;-123,1326413;49,27701678;-123,1321692;49,27771672;-123,1308389;49,27845866;-123,1300664;49,27934056;-123,1291652;49,27991449;-123,1282425;49,28053041;-123,1272554;49,28145427;-123,1284142;49,28225214;-123,1297874;49,283008;-123,1309462;49,28296601;-123,1313324;49,28325995;-123,1317186;49,28388983;-123,1329632;49,2806424;-123,1318688;6330;6732;11921;3;3;870;4;;;;;;;;;;;;;;;;;;;;;;;;;;;;;;;;;;;;;;;;;;;;;;;;
72;17;49,28524753;-123,1280065;49,28457568;-123,1291652;49,28393182;-123,130002;49,28348391;-123,1297016;49,283008;-123,1286716;49,28258808;-123,127985;49,28216815;-123,1285858;49,2818742;-123,1289291;49,28132829;-123,1281137;49,2806144;-123,1268692;49,2812723;-123,1256032;49,2818742;-123,1247234;49,28223814;-123,1242514;49,28278404;-123,1250668;49,28334394;-123,1252813;49,2840158;-123,1260324;49,28456168;-123,1268263;49,28289602;-123,1266975;9760;5529;3251;3;1;3049;2;;;;;;;;;;;;;;;;;;;;;;;;;;;;;;;;;;;;;;;;;;;;;;;;;;;;;;;;;;;;;;;;
73;30;49,28909647;-123,1256676;49,28869059;-123,1241655;49,28815875;-123,1227279;49,28778086;-123,1212258;49,28748695;-123,1202817;49,28720702;-123,1191659;49,28699708;-123,1182432;49,28666117;-123,1177926;49,28633926;-123,1172776;49,28598935;-123,1168485;49,2853455;-123,1176424;49,28463167;-123,1187367;49,28409978;-123,1197023;49,28309199;-123,1210756;49,28258808;-123,121891;49,28201418;-123,1229854;49,28165024;-123,1235003;49,28202818;-123,1241012;49,28242011;-123,1242514;49,283008;-123,1248736;49,28372186;-123,125217;49,28437972;-123,1261611;49,28509356;-123,1272984;49,28544348;-123,1277061;49,28598935;-123,1265473;49,28696909;-123,1254745;49,28741697;-123,1246161;49,28789983;-123,1240475;49,28816575;-123,1243479;49,28862062;-123,1251848;49,28570941;-123,1220198;5109;4808;11304;3;6;1347;8;;;;;;;;;;;;;;;;;;;;;;;;;;;;;;;;;;;;;;
74;26;49,2876689;-123,1202602;49,28822873;-123,1194878;49,28890053;-123,1182218;49,28856463;-123,1169128;49,28815875;-123,1154752;49,28780886;-123,1139946;49,28748695;-123,1131148;49,28698309;-123,1135654;49,28659119;-123,1138444;49,28603133;-123,1128359;49,28818675;-123,1164408;49,28541549;-123,1120634;49,28485562;-123,1111407;49,28432373;-123,1113338;49,28380584;-123,1122994;49,28318997;-123,1132221;49,28263007;-123,1143808;49,28237812;-123,1146812;49,28328795;-123,1161618;49,28443571;-123,1177497;49,28481363;-123,1183076;49,28544348;-123,1171918;49,28610132;-123,1166768;49,28671716;-123,117578;49,28717903;-123,118329;49,28740297;-123,1191444;49,28481363;-123,1146812;8215;4509;4689;4;5;4284;4;;;;;;;;;;;;;;;;;;;;;;;;;;;;;;;;;;;;;;;;;;;;;;
75;20;49,28464566;-123,1107545;49,28429574;-123,108716;49,28408579;-123,1073642;49,28388983;-123,1059265;49,28358189;-123,1044245;49,28278404;-123,1047034;49,28186021;-123,1046605;49,2806004;-123,104682;49,28074038;-123,1060123;49,28107633;-123,1077933;49,2813003;-123,108716;49,28078238;-123,1092525;49,28025045;-123,1100464;49,2799005;-123,1105399;49,28074038;-123,1119347;49,28141228;-123,1129646;49,28242011;-123,1144667;49,28298001;-123,1134152;49,28366587;-123,1124067;49,28437972;-123,1112695;49,28285403;-123,1090808;8760;4477;11005;3;12;3913;2;;;;;;;;;;;;;;;;;;;;;;;;;;;;;;;;;;;;;;;;;;;;;;;;;;;;;;;;;;
76;33;49,27771672;-123,1305385;49,27694678;-123,1321049;49,27649881;-123,1316757;49,27591084;-123,1319332;49,27535086;-123,132813;49,27488888;-123,1335425;49,27439889;-123,1328773;49,27378289;-123,1321263;49,27319489;-123,1312251;49,27284489;-123,1308818;49,27285889;-123,1304741;49,27329289;-123,1295729;49,27330689;-123,1287789;49,27320889;-123,1282425;49,27281689;-123,1280923;49,27239688;-123,1280923;49,27197687;-123,1274486;49,27157085;-123,1268907;49,27196287;-123,1263113;49,27243888;-123,1260109;49,27297089;-123,1259251;49,27326489;-123,1244016;49,27347489;-123,1233287;49,27393689;-123,1220627;49,27403489;-123,1214404;49,27507087;-123,1227922;49,27570085;-123,1239295;49,27642881;-123,1251097;49,27739475;-123,1264186;49,27813669;-123,1277275;49,27879462;-123,1286287;49,27896261;-123,1292295;49,27844466;-123,1298518;49,27584084;-123,12747;9834;5784;5784;1;5;1698;0;;;;;;;;;;;;;;;;;;;;;;;;;;;;;;;;
77;41;49,27914459;-123,1289721;49,28011047;-123,12747;49,28089436;-123,1262469;49,2818742;-123,1243801;49,28152426;-123,1235647;49,2812863;-123,1228995;49,28100634;-123,1223845;49,28170623;-123,1213975;49,2824621;-123,120389;49,28325995;-123,119123;49,28359589;-123,119874;49,28454769;-123,1185436;49,28398781;-123,1174707;49,28306399;-123,1161618;49,28237812;-123,1151319;49,28209817;-123,1146812;49,28144028;-123,1135654;49,28079637;-123,1124926;49,28026445;-123,111763;49,27998448;-123,1110334;49,27924257;-123,1118703;49,2780387;-123,1132436;49,27732476;-123,1144023;49,2766528;-123,1154537;49,27589684;-123,1167197;49,27563085;-123,1172347;49,27516887;-123,1167626;49,27470688;-123,116076;49,27430089;-123,1154537;49,27404889;-123,1154108;49,27428689;-123,1168056;49,27437089;-123,1180501;49,27456689;-123,1190801;49,27434289;-123,1205606;49,27421689;-123,1214619;49,27521087;-123,1227922;49,27574285;-123,1236291;49,27644281;-123,1248307;49,27722676;-123,125968;49,2779827;-123,1268907;49,27858465;-123,1278563;49,27880862;-123,1196594;9213;6006;8511;1;6;3596;5;;;;;;;;;;;;;;;;
78;29;49,24510265;-123,1531334;49,24440224;-123,1518245;49,24358975;-123,1508589;49,24290333;-123,1501508;49,24235699;-123,1498289;49,24207681;-123,1493139;49,24200677;-123,1483912;49,24199276;-123,1477904;49,24176861;-123,1473613;49,24118023;-123,1475544;49,24090004;-123,1480265;49,24067589;-123,1488419;49,24056382;-123,1498075;49,24067589;-123,151052;49,24087203;-123,1519103;49,2409841;-123,1529188;49,24070391;-123,1537771;49,24040972;-123,1545925;49,23990537;-123,1551075;49,23996842;-123,1552684;49,2402346;-123,1551933;49,24052179;-123,1549144;49,24097009;-123,1544745;49,24137636;-123,1540883;49,24191571;-123,1534874;49,24210483;-123,1531978;49,24259514;-123,15323;49,24364579;-123,1532192;49,24458435;-123,1531334;49,24230095;-123,1513953;7225;8999;5145;0;20;1755;5;;;;;;;;;;;;;;;;;;;;;;;;;;;;;;;;;;;;;;;;
79;29;49,24556492;-123,149035;49,24548087;-123,1496572;49,24503261;-123,1498933;49,24500459;-123,1508589;49,24490654;-123,1516528;49,2448365;-123,1522751;49,24521472;-123,1531549;49,24555091;-123,1536269;49,24585908;-123,1543779;49,24602718;-123,15485;49,24669955;-123,1549358;49,24702172;-123,1551075;49,24702172;-123,1557083;49,24690966;-123,1566739;49,2473579;-123,1572747;49,24836643;-123,158133;49,24915082;-123,1586909;49,24983716;-123,159163;49,25024335;-123,1580257;49,25084564;-123,1569314;49,25122381;-123,155601;49,25144791;-123,1543565;49,25154595;-123,1533051;49,25092967;-123,1525326;49,24976713;-123,1518459;49,2487026;-123,1510305;49,2479322;-123,1503868;49,24746996;-123,1502795;49,24660149;-123,1495714;49,24737191;-123,1529403;8684;7064;11765;2;13;637;1;;;;;;;;;;;;;;;;;;;;;;;;;;;;;;;;;;;;;;;;
80;35;49,26294574;-123,1583047;49,26294574;-123,1599998;49,26301575;-123,1620812;49,26301575;-123,1631541;49,26305776;-123,1646132;49,26396795;-123,1646776;49,26489212;-123,1646562;49,26490612;-123,1624246;49,26485011;-123,1604505;49,2647661;-123,1583691;49,2647521;-123,1567168;49,26480811;-123,1553006;49,26542421;-123,1551504;49,26553623;-123,1536913;49,26556424;-123,1521249;49,26556424;-123,1511593;49,26615233;-123,1504941;49,26636236;-123,1497002;49,26654439;-123,1488204;49,26658639;-123,1479406;49,26654439;-123,1471252;49,26647438;-123,1457305;49,26567625;-123,1458163;49,26508816;-123,1457305;49,26414998;-123,1458163;49,26351986;-123,1457734;49,26297374;-123,145752;49,26294574;-123,1473398;49,26294574;-123,1483698;49,26284772;-123,1500864;49,26286172;-123,1521463;49,26298775;-123,1525218;49,26301575;-123,1536484;49,26300875;-123,1552362;49,26314178;-123,1573927;49,26447204;-123,1520605;2210;8682;8176;2;17;2398;3;;;;;;;;;;;;;;;;;;;;;;;;;;;;
81;44;49,27278889;-123,1597531;49,27325789;-123,1597638;49,27354489;-123,1600964;49,27358689;-123,1614161;49,27359389;-123,162607;49,27362189;-123,1636906;49,27348889;-123,1643558;49,27298489;-123,1644416;49,27250188;-123,1644094;49,27215887;-123,1644523;49,27206787;-123,1640983;49,27206087;-123,1632292;49,27208187;-123,1613302;49,27208187;-123,1596887;49,27204687;-123,1578541;49,27204687;-123,1557834;49,27201187;-123,1542385;49,27197687;-123,153348;49,27187186;-123,1517494;49,27187886;-123,1508803;49,27182286;-123,1503654;49,27246688;-123,1503439;49,27248088;-123,1493783;49,27255088;-123,1478548;49,27315289;-123,1478763;49,27444089;-123,1478548;49,27563085;-123,1477904;49,27682079;-123,1476617;49,27701678;-123,1486702;49,27724076;-123,1499791;49,2766388;-123,1500435;49,27630282;-123,1501508;49,27628882;-123,1510735;49,27551886;-123,1517816;49,27481888;-123,1523824;49,27424489;-123,1527686;49,27350289;-123,1527472;49,27337689;-123,1534767;49,27329289;-123,1544638;49,27320889;-123,1549144;49,27273289;-123,1552577;49,27267689;-123,1563735;49,27270489;-123,1577039;49,27273289;-123,1588626;49,27308289;-123,1513739;7593;5662;11933;2;3;905;8;;;;;;;;;;
82;26;49,27684879;-123,0815506;49,27519687;-123,0810356;49,27360089;-123,0805206;49,27183686;-123,0800915;49,27001676;-123,0799198;49,26968074;-123,0796194;49,26968074;-123,0782461;49,26945672;-123,0775166;49,26830861;-123,0774736;49,26702045;-123,077302;49,26618033;-123,0775166;49,26472409;-123,0774307;49,26461207;-123,0754566;49,26447204;-123,0737829;49,26567625;-123,0741262;49,26769254;-123,0740404;49,26979275;-123,0737829;49,27152885;-123,0738258;49,27365689;-123,0738258;49,27362889;-123,0748558;49,27497288;-123,0751133;49,27623283;-123,0750275;49,27746475;-123,0749846;49,27754874;-123,0768299;49,27757674;-123,0788469;49,27704478;-123,0801773;49,27183686;-123,076787;4992;4328;6422;1;1;3933;6;;;;;;;;;;;;;;;;;;;;;;;;;;;;;;;;;;;;;;;;;;;;;;
83;14;49,27754874;-123,0901122;49,27843066;-123,0901337;49,27931257;-123,090198;49,27934056;-123,0929875;49,27939656;-123,0949187;49,27941056;-123,0975366;49,27945255;-123,0997038;49,27927057;-123,102386;49,27885062;-123,1021929;49,27817868;-123,1021714;49,27752074;-123,102107;49,27763273;-123,0983734;49,27770273;-123,0954337;49,27757674;-123,0922794;49,27848666;-123,0951333;3831;5962;3444;2;11;2350;4;;;;;;;;;;;;;;;;;;;;;;;;;;;;;;;;;;;;;;;;;;;;;;;;;;;;;;;;;;;;;;;;;;;;;;
84;45;49,27032478;-123,1048107;49,27035279;-123,1020641;49,27029678;-123,1004763;49,2692327;-123,0990171;49,26853263;-123,0973434;49,26788856;-123,0982447;49,26707646;-123,0968714;49,26674041;-123,0944681;49,26674041;-123,0917645;49,26674041;-123,0896616;49,26654439;-123,0877733;49,26629235;-123,0873442;49,26564825;-123,0873871;49,26539621;-123,0873442;49,26549422;-123,0882883;49,26543821;-123,0897045;49,26543821;-123,0913138;49,26542421;-123,0920649;49,26543821;-123,0933309;49,26531219;-123,0945325;49,26525618;-123,0950046;49,26461207;-123,0948973;49,26392594;-123,0949402;49,26351986;-123,0949402;49,26347785;-123,0936527;49,26349185;-123,0933309;49,26294574;-123,0933309;49,26238561;-123,0933309;49,26176947;-123,0933309;49,26176947;-123,0944252;49,26176947;-123,0949616;49,26172746;-123,0959487;49,26211955;-123,0959487;49,26213356;-123,096807;49,26217557;-123,0979013;49,26221757;-123,0990386;49,26221757;-123,100369;49,26218957;-123,1015062;49,26221757;-123,1028152;49,26237161;-123,1049609;49,26346385;-123,1050253;49,26462607;-123,1048107;49,26650238;-123,1048107;49,26809858;-123,1047249;49,26900868;-123,1047463;49,26553623;-123,0988884;5352;6257;6839;5;4;2010;6;;;;;;;;
85;26;49,26270769;-123,1523609;49,26269368;-123,1506014;49,26196552;-123,1505585;49,2618955;-123,14955;49,26186749;-123,1484771;49,26143339;-123,1485629;49,26060718;-123,1487775;49,25933282;-123,1488204;49,25822649;-123,1488848;49,25712013;-123,1487775;49,25566362;-123,1487131;49,25433312;-123,1489277;49,25298858;-123,1492066;49,25219024;-123,1493139;49,25132185;-123,1495285;49,25182608;-123,1507301;49,25244235;-123,1511807;49,25326869;-123,1508803;49,25346477;-123,1508589;49,25338074;-123,1518674;49,25329671;-123,1528544;49,25510342;-123,1527686;49,256714;-123,1527257;49,25775034;-123,1524897;49,26020107;-123,1524253;49,26165744;-123,1523395;49,25721817;-123,1506872;7304;8351;4167;0;11;2414;9;;;;;;;;;;;;;;;;;;;;;;;;;;;;;;;;;;;;;;;;;;;;;;
86;21;49,25333872;-123,1510949;49,25317065;-123,1527901;49,2521062;-123,1527901;49,25136387;-123,1529617;49,2505515;-123,1521034;49,24934692;-123,1513095;49,24842246;-123,1505585;49,24786217;-123,1501079;49,2477361;-123,1486917;49,24766607;-123,1475329;49,24763805;-123,1461596;49,24825437;-123,146224;49,24905278;-123,146739;49,24976713;-123,1466103;49,25067756;-123,1463528;49,2514199;-123,146224;49,2511958;-123,1471038;49,25102772;-123,1485415;49,25123781;-123,1497002;49,25158797;-123,150816;49,25244235;-123,1513739;49,24929089;-123,1489062;7085;8376;4206;1;5;2297;3;;;;;;;;;;;;;;;;;;;;;;;;;;;;;;;;;;;;;;;;;;;;;;;;;;;;;;;;
87;32;49,26266568;-123,023808;49,26288973;-123,0257177;49,26459807;-123,0262756;49,26633436;-123,0262756;49,26770654;-123,026576;49,27024078;-123,027606;49,27200487;-123,0287647;49,27284489;-123,0291724;49,27318089;-123,0284643;49,27312489;-123,0268335;49,27315289;-123,0259323;49,27367089;-123,0260396;49,27365689;-123,0273485;49,27374089;-123,0285931;49,27374089;-123,0300522;49,27491688;-123,0310607;49,27610683;-123,0314684;49,27754874;-123,0316615;49,27732476;-123,0311251;49,27728276;-123,0303311;49,27714277;-123,0280781;49,27728276;-123,0273271;49,27619083;-123,0273056;49,27543486;-123,0271983;49,27536486;-123,0254388;49,27529487;-123,0239797;49,27386689;-123,0238724;49,27197687;-123,0237436;49,26956873;-123,0236363;49,2681966;-123,0237007;49,26634836;-123,0237222;49,26490612;-123,023808;49,26839262;-123,0251598;7736;7367;4559;0;2;3169;10;;;;;;;;;;;;;;;;;;;;;;;;;;;;;;;;;;
88;32;49,27231288;-123,1451941;49,27239688;-123,1465673;49,27243888;-123,147769;49,27119283;-123,1478119;49,27004476;-123,147769;49,26875665;-123,1477904;49,26777655;-123,1479192;49,26675442;-123,1479192;49,2666564;-123,1465244;49,26653038;-123,145473;49,26578827;-123,1456232;49,26482211;-123,1456232;49,26393994;-123,1456232;49,26288973;-123,1455374;49,26281971;-123,1431556;49,2627917;-123,1410742;49,2627777;-123,1397653;49,26280571;-123,1386065;49,26426201;-123,1385207;49,26563425;-123,1386924;49,26697845;-123,1386924;49,26809858;-123,1384349;49,26895267;-123,1380057;49,26948472;-123,1378126;49,26963873;-123,1386495;49,26975074;-123,1395292;49,26977874;-123,1408596;49,27040879;-123,1408596;49,27143085;-123,1419325;49,27229888;-123,1426191;49,27313889;-123,1433702;49,27294289;-123,1444216;49,26861664;-123,1432843;4747;4183;4772;4;7;4302;10;;;;;;;;;;;;;;;;;;;;;;;;;;;;;;;;;;
89;29;49,26675442;-123,1361818;49,26675442;-123,1376195;49,2666564;-123,1384563;49,26567625;-123,1384349;49,2647801;-123,1384134;49,26399595;-123,138392;49,26283371;-123,1384563;49,26284772;-123,1370831;49,26287572;-123,1355381;49,26288973;-123,1336713;49,26288973;-123,1320405;49,26256765;-123,1313539;49,26259566;-123,1293154;49,26253965;-123,1262684;49,26248364;-123,1236506;49,26239962;-123,1215477;49,26242762;-123,1198311;49,26377191;-123,1200886;49,26511616;-123,1200886;49,26654439;-123,119874;49,26626434;-123,1212473;49,26634836;-123,1239939;49,26632035;-123,1261826;49,26632035;-123,1291866;49,26648838;-123,131547;49,26693644;-123,1334352;49,26732849;-123,1346583;49,26772054;-123,1360531;49,26731449;-123,1359243;49,26437403;-123,1284142;6680;8760;11271;3;12;707;4;;;;;;;;;;;;;;;;;;;;;;;;;;;;;;;;;;;;;;;;
90;16;49,26244163;-123,1268477;49,26245563;-123,1288648;49,26249764;-123,1316328;49,26113931;-123,1315684;49,26014505;-123,1314611;49,2588987;-123,1310105;49,2589267;-123,1278777;49,25887069;-123,1253028;49,2588987;-123,1236076;49,25894071;-123,1216979;49,25882867;-123,1200027;49,26038312;-123,1199384;49,26053716;-123,1223631;49,26060718;-123,1248951;49,26066319;-123,1265903;49,2619095;-123,1266975;49,26042513;-123,1283283;4083;4036;7152;5;17;654;3;;;;;;;;;;;;;;;;;;;;;;;;;;;;;;;;;;;;;;;;;;;;;;;;;;;;;;;;;;;;;;;;;;
91;25;49,27035279;-123,1054974;49,27029678;-123,1082439;49,27024078;-123,1097031;49,26934471;-123,1115484;49,26844862;-123,1136942;49,26766453;-123,1149817;49,26657239;-123,1147671;49,26500414;-123,1149387;49,26340784;-123,11481;49,26209155;-123,1147242;49,26088725;-123,1150246;49,25917878;-123,1150675;49,25888469;-123,1150889;49,25885668;-123,1130719;49,25877266;-123,111248;49,25881467;-123,1092739;49,25868863;-123,1082225;49,25867463;-123,1055403;49,26050915;-123,1052184;49,26209155;-123,1050467;49,2632538;-123,1052399;49,26466808;-123,1051111;49,26653038;-123,1050897;49,26830861;-123,1050682;49,26916269;-123,105154;49,26570426;-123,1094885;9948;5045;4681;5;3;1751;4;;;;;;;;;;;;;;;;;;;;;;;;;;;;;;;;;;;;;;;;;;;;;;;;
92;21;49,26791656;-123,115561;49,2673565;-123,1165051;49,26686643;-123,1175351;49,26697845;-123,1179214;49,26679642;-123,1192517;49,26660039;-123,1197667;49,26559224;-123,119874;49,26466808;-123,119874;49,26379992;-123,119874;49,26298775;-123,1198525;49,26235761;-123,1196809;49,2623436;-123,1185865;49,26230159;-123,1175137;49,2623156;-123,1159258;49,26230159;-123,1149173;49,26337983;-123,1149602;49,26430401;-123,115046;49,26517217;-123,1151319;49,26573226;-123,1151104;49,26669841;-123,115046;49,26745451;-123,1152821;49,26420599;-123,117063;5544;4491;6920;0;11;956;6;;;;;;;;;;;;;;;;;;;;;;;;;;;;;;;;;;;;;;;;;;;;;;;;;;;;;;;;
93;14;49,26223158;-123,1154537;49,26224558;-123,1177497;49,26228759;-123,1200457;49,26111131;-123,1200886;49,26048114;-123,1200457;49,26050915;-123,1196809;49,25971093;-123,1197667;49,25906675;-123,1197238;49,25885668;-123,117578;49,25881467;-123,1157112;49,25882867;-123,1152391;49,25990699;-123,1152177;49,26105529;-123,1150889;49,26186749;-123,1151533;49,26049515;-123,1173205;3154;4675;4436;1;20;4564;10;;;;;;;;;;;;;;;;;;;;;;;;;;;;;;;;;;;;;;;;;;;;;;;;;;;;;;;;;;;;;;;;;;;;;;
94;26;49,27283089;-123,1345081;49,27306889;-123,1349158;49,27304089;-123,1355166;49,27318089;-123,1359029;49,27295689;-123,136332;49,27298489;-123,1369972;49,27224287;-123,1370187;49,27165485;-123,1370187;49,27098282;-123,1369114;49,2705068;-123,1367612;49,27004476;-123,1361604;49,26961073;-123,1356239;49,2693027;-123,1351948;49,26916269;-123,1348085;49,26906468;-123,1340146;49,26885466;-123,132813;49,26872865;-123,1318903;49,26856063;-123,130796;49,26906468;-123,1308389;49,26952672;-123,1306028;49,27010077;-123,1312466;49,27078681;-123,1320834;49,27141684;-123,1328773;49,27196287;-123,1335211;49,27238288;-123,1340575;49,27246688;-123,134551;49,2705908;-123,1341219;9225;5187;6992;1;5;2580;7;;;;;;;;;;;;;;;;;;;;;;;;;;;;;;;;;;;;;;;;;;;;;;
95;19;49,20685976;-123,1245518;49,20587843;-123,1271696;49,20493913;-123,1293368;49,20436433;-123,1312251;49,20294832;-123,1346583;49,20186877;-123,1347227;49,20081723;-123,1348944;49,20029846;-123,1347227;49,20021434;-123,1327486;49,20045269;-123,1307745;49,20070507;-123,1291866;49,20127991;-123,1272769;49,20178465;-123,1255817;49,2023735;-123,1237793;49,203425;-123,1240797;49,20426619;-123,1249595;49,20488305;-123,1233716;49,20507933;-123,1225133;49,20610273;-123,1236935;49,20355118;-123,126719;5762;5172;7153;4;13;4940;8;;;;;;;;;;;;;;;;;;;;;;;;;;;;;;;;;;;;;;;;;;;;;;;;;;;;;;;;;;;;
96;21;49,20858406;-123,1425548;49,20859808;-123,1436813;49,20864014;-123,1445611;49,20862612;-123,1452048;49,20782005;-123,1452477;49,20699995;-123,1452262;49,2063691;-123,145355;49,20586441;-123,1459022;49,20554197;-123,1452155;49,20533868;-123,1447113;49,20586441;-123,1441534;49,20630601;-123,1437671;49,20602563;-123,1431878;49,20602563;-123,1427908;49,2065163;-123,1427264;49,20653733;-123,1432629;49,20709108;-123,1436169;49,20709108;-123,1431556;49,20707005;-123,1424797;49,20762379;-123,1423724;49,20817753;-123,142544;49,20741351;-123,1438959;2371;4251;9443;0;12;1765;2;;;;;;;;;;;;;;;;;;;;;;;;;;;;;;;;;;;;;;;;;;;;;;;;;;;;;;;;
